county_id_fips,AVERAGE of GHG QUANTITY (METRIC TONS CO2e)
1001,1325052.625
1003,188937.75
1005,36357.91667
1009,55828.85714
1015,43407.97959
1017,53312.25
1019,47697.5
1021,53256
1023,220852.1667
1025,98604.30435
1031,74318.2381
1033,186112.0577
1037,61370.5
1039,1354889.154
1043,69577
1047,181910.6765
1049,116612
1051,40252.88889
1053,210869.4364
1055,173463.0625
1057,18738.16667
1063,1725754.5
1065,21916
1069,169761.9091
1071,97061.29167
1073,1285085.771
1075,146104.75
1077,32610.09091
1079,159499.7917
1081,1474302.735
1085,370391.6667
1089,87427.58974
1091,299769.0833
1093,33889.3125
1095,18865.68421
1097,458147.1524
1099,318054
1101,128802.5
1103,381803.9521
1105,30620.25
1109,155541.4211
1111,138971.25
1113,220261.303
1115,292962.1667
1117,1258574.462
1119,71854.5
1121,75127.71667
1123,857215.9615
1125,965979.0725
1127,2489344.2
1129,469440.4789
1131,212807.3333
2013,48871.66667
2016,31738.52174
2020,210979.2738
2068,295289.8235
2090,190262.25
2110,25455.70968
2122,136611.3868
2170,130080.4211
2185,220626.8545
2261,66518.21053
4001,4801212.75
4003,647574.4255
4005,59596.55319
4007,66505.25
4009,47487
4011,33584.41667
4012,40385.13043
4013,377985.1514
4015,252994.3239
4017,2002458.417
4019,241800.1282
4021,117217.528
4025,316274.9722
4027,109942.8298
5001,30153.58333
5003,262612.8696
5005,62238.5
5007,2237333.563
5013,27777.1
5015,27448.58333
5019,27923.71429
5023,38341.35088
5027,51966.86957
5029,49303.42424
5031,49735.05263
5033,23006
5035,72190.5
5039,25379
5041,211408.6667
5045,63136.91429
5047,76349.41667
5049,90619
5051,9621.5
5055,83084.08333
5057,1372861.522
5059,240067.3415
5061,60404.88235
5063,2925714.222
5067,61339.58333
5069,1206904.521
5071,40477.42857
5073,28415.77273
5081,664788.9583
5083,63167.13043
5091,33336.2
5093,1044769.9
5103,78905.91667
5107,1.666666667
5115,35777
5117,139757.75
5119,63250.43478
5121,54237.41667
5123,0
5125,49604.75
5131,167789.9559
5135,72272
5139,487533.7541
5141,32565.41379
5143,58586.69231
5145,43882.07937
5147,18525.33333
5149,55761.56522
6001,108309.7576
6007,21502.56522
6011,277812.3725
6013,713429.5385
6019,83043.67299
6023,107045.25
6025,104670.3333
6029,286448.3865
6031,37715.01695
6033,19545.18182
6035,16
6037,383344.9422
6039,43439.68519
6041,134780.8333
6045,24331
6047,55673.47917
6049,40566.6
6053,273438.1917
6055,27646.85714
6059,126402.5357
6061,84633.51429
6065,130407.8855
6067,337400.7333
6069,15075.57143
6071,327873.5027
6073,148483.7138
6075,91535.04839
6077,102813.5342
6079,100204.3095
6081,89061
6083,50554.57
6085,152863.7633
6087,21287.71429
6089,79916.70667
6095,465291.6076
6097,90685.25
6099,118435.8367
6101,110845.5424
6103,36448.29167
6107,37871.76699
6111,94008.05921
6113,39767.7907
6115,67150.6
8001,544984.3871
8005,82879.46429
8013,246684.1132
8017,35048.875
8029,367313.4286
8031,207566.362
8035,234140.4821
8037,39425.1875
8041,563960.3444
8043,745880.0667
8045,86326.73077
8051,541551.5294
8059,77434.68224
8061,28114.16667
8067,188839.1692
8069,497827.1186
8071,118868.1364
8073,32924.25
8075,55711.33333
8077,95665.39286
8081,3297540.097
8083,917
8085,206833.8462
8087,752366.7097
8093,7832.2
8099,52763.6
8101,1486409.286
8103,152321.1515
8107,979332.1622
8111,108122.6296
8117,36133.08333
8123,192917.8989
8125,49223.16667
9001,389731.5692
9003,49864.58861
9005,105768.1765
9007,370248.8085
9009,206846.9173
9011,77612.61702
9013,98760.41667
9015,613539.15
10001,75879
10003,455693.471
10005,259410.3478
11001,41178.73171
12001,379327.1875
12005,606626.7708
12007,58925.5
12009,427070.6308
12011,616372.209
12015,248606.4167
12017,3923054.375
12019,8983
12021,28057.66667
12023,45727
12027,40852.42857
12031,809884.1598
12033,1886065.775
12039,99913.75
12041,33381.91667
12047,82811.75
12049,646737.2222
12051,49334.8125
12053,303103.9189
12057,861196.6871
12061,24714.8125
12063,69274.95455
12069,65367.06977
12071,1278136.771
12073,216328.6591
12077,30834.5
12079,46427.58333
12081,1055686.458
12083,67084.56
12085,2481449.207
12086,567704.7212
12087,4575.285714
12089,180402.3137
12091,26986.09091
12093,442425.9286
12095,864625.3908
12097,508091.4444
12099,1106171.5
12101,537320
12103,936013.6667
12105,713073.285
12107,1794663.642
12109,17441.75
12111,249746.027
12113,154233.4722
12115,107144
12117,209864.3333
12119,343156.8235
12121,285829.7333
12123,208455.4583
12125,99927.25
12127,1201973.381
12129,479858.9167
12133,45681.33333
13003,37361.90909
13005,5016.5
13009,27274.63636
13011,107974.4167
13013,44399.41667
13015,3943438.049
13021,63892.89552
13039,75827.16667
13045,32546
13047,19046.4
13051,143014.176
13053,40296
13055,136336.8333
13057,84443.63636
13059,46320.83333
13063,51842.2
13067,1949280.778
13073,31745.6
13077,1010514.643
13081,48189
13087,79425.81818
13089,71345.78462
13095,89289.34043
13099,749554.5833
13103,1239596.021
13113,7524.5
13115,582612.2571
13117,302171.875
13121,59207.1978
13125,46925.5
13127,146650.8462
13129,136757.1667
13133,34878.58333
13135,66261.375
13137,33667.09091
13139,55422.70968
13145,31215.07692
13147,71457
13149,1580915.071
13151,103059.7143
13153,123437.9559
13157,234897.9286
13159,24615.66667
13163,43954.06061
13165,7663.285714
13169,24853
13171,45855.08333
13175,172878.0952
13179,53747.45833
13185,127789.4839
13193,116235.8235
13195,103135.25
13197,233241
13199,75271.4
13205,81560
13207,9049171.542
13213,929469.7083
13215,57305.53846
13217,40504.79167
13233,160421.9167
13235,27153.5
13237,2853504.857
13243,86758.75
13245,479843.0141
13247,27449
13251,37066.18182
13255,109382.4167
13261,235083.4167
13263,246049.3333
13269,355597.5
13275,33714.36842
13277,49197.75
13285,37281.47619
13289,112517.5417
13293,118379.7391
13297,74888.26829
13303,53710.91045
13305,129152.5417
13313,60691.7377
13319,103791.9375
15001,135287.3333
15003,466962.8324
15007,89778.14286
15009,165396.9167
16001,57891.69048
16005,33305.55263
16007,16634.08333
16011,38044.66667
16017,91849.6
16019,44025.5
16027,122919.38
16029,297449.625
16031,45123.02439
16039,65181.8
16047,43747.25
16051,5870.8
16053,30366.8
16055,175303.0833
16065,30010.85714
16067,191810.25
16069,281942.8333
16075,489113.2
16077,71527.89286
16083,126480.6176
17001,147740.5
17003,28548
17005,12063.75
17007,74962.58333
17017,39853.5
17019,131771.4516
17021,1321824.844
17025,6291.666667
17027,69547.33333
17029,11090.25
17031,109873.3895
17033,605966.439
17037,61204.05263
17039,105365.4444
17041,113335.4688
17043,71748.11538
17049,71137.91667
17051,29909.42105
17053,86206.77778
17055,737781
17057,1928551.154
17059,421572
17063,201599.0725
17073,112316.5116
17075,31857.57143
17077,134135.8056
17079,4850703.333
17081,68229
17085,726744.5833
17089,40704.41026
17091,48628.75758
17093,699047.1081
17095,76295.08333
17097,372954.8763
17099,107336.2347
17103,185153.5349
17105,73589
17107,74331.22727
17109,20717.45833
17111,27884
17113,19585.27778
17115,1356818.979
17117,62155.36364
17119,813050.1079
17121,6532.083333
17123,65976.58333
17125,2823404.182
17127,1334321.855
17131,46826
17135,1778083.452
17137,357341.6
17139,51793.75
17141,120984.2439
17143,560801.9048
17145,47981.65714
17147,21658.5
17149,52052
17153,238128.75
17155,726371.4571
17157,3199018.703
17159,1229.818182
17161,189184.1333
17163,109903.9351
17165,341768.4634
17167,621451.6087
17171,12949
17173,212319.5417
17177,59648.83333
17179,1262662.431
17183,51630.07792
17187,20920.6
17189,10781273.78
17193,129651.375
17195,79053.36111
17197,575434.5646
17199,1316497.391
17201,67160.55072
18001,97272.83333
18003,53181.3913
18005,38272.34286
18007,19202.57143
18017,155515.5833
18019,261914.0882
18023,66415.36111
18027,120728.375
18029,1004918.804
18031,33319.04762
18033,690807.3077
18035,40138.125
18037,16963.15385
18039,43898.91667
18041,39531.72727
18043,547350.75
18047,317219.2727
18049,78388.88889
18051,4095600.978
18053,102043.3333
18055,38898.03226
18057,364958.9167
18059,23367.5
18063,121671
18065,79066.16667
18067,34211.54545
18069,30718.21429
18071,197854.4167
18073,1569513.089
18075,72531.80851
18077,5914099.333
18083,683069.0962
18085,48498.72222
18089,1425120.55
18091,660860.1389
18093,208903
18095,85766.5098
18097,307453.5067
18099,129943.1667
18101,39158.45833
18103,526.3333333
18105,70549.33333
18107,190139.0345
18109,571476.625
18111,225968.1667
18121,41242.58333
18123,216489.8333
18125,2749374.75
18127,1792306.653
18129,654184.9265
18133,430697.0645
18135,114894.3889
18137,361.3636364
18141,180629.8571
18143,26615.57143
18145,89326.58824
18147,6324334.958
18149,20052.72727
18153,3030194.87
18157,127921.5495
18163,50066.8
18165,1492625.698
18167,853979.9149
18169,62240.95
18173,1829103.167
18175,156321.6667
18177,49361.51724
18179,87410.18182
18181,131974.3333
18183,258621.3333
19003,108978.4167
19005,1058186.417
19009,22375.36364
19013,45445.91489
19015,48849.875
19019,168807.75
19021,100648.375
19023,167231.4167
19027,26183.71429
19029,156434
19033,284079.8113
19035,165276.1667
19037,215938.25
19041,21002.75
19045,636839.9828
19047,61531.13793
19049,53134.5
19055,102158.8148
19057,314783.3276
19059,61270.7619
19061,48106.87097
19063,81386
19065,9265.2
19067,183061.5833
19071,90181.5
19073,163984.4167
19077,121080.3043
19079,101003.0909
19081,24142.33333
19083,88036.5
19093,112072.9167
19101,41280.88889
19103,109837.7083
19107,82520
19109,142329.1667
19111,457271.5714
19113,427136.4113
19115,1631303.067
19123,714796.3333
19125,36597.2963
19127,217097.3333
19129,84029.70588
19131,169034.25
19135,122298.8
19139,333336.0889
19141,122748.25
19143,92174.18182
19145,90629
19147,49239.61538
19149,68549.08333
19153,47670.07432
19155,2628067.744
19163,255238.9032
19167,54182.95238
19169,169296.0816
19171,24136.42857
19175,32724.25
19177,58657.33333
19179,1132248.66
19181,60074.91667
19185,47544.5
19187,218308.8
19189,45526.75
19191,37058.5
19193,1422581.155
19195,90309.58333
19197,118421
20001,355846.8333
20003,39573.13043
20005,89418
20007,40732.91667
20009,39456.57143
20015,875815.2609
20021,238111.7059
20027,42693
20029,57955.25
20035,13295.44444
20037,41094.41667
20041,39290.66667
20045,827408.8542
20051,25245.04348
20055,433609.8571
20057,155155.8125
20063,48075.8
20067,77143.05714
20077,118528.4167
20079,15222.5
20091,169414.2766
20095,21385.86957
20097,46718.63636
20099,766
20107,7355405.083
20109,45019
20111,119342.1944
20113,325441.6957
20119,22940.44444
20121,60271.1875
20125,546805.4375
20133,346459.6857
20143,23146
20145,34267.875
20147,51750.09091
20149,5925145.458
20151,58229.125
20155,59069.65854
20159,90034.18333
20161,36815.4
20167,52955.54545
20169,56978.66667
20173,92870.51429
20175,78519.39286
20177,211278.8421
20201,21008
20205,82908.28571
20209,287342.1034
21007,103788.7917
21009,115900.8333
21011,58254.33333
21015,1840086.125
21019,649925.4521
21021,95736
21027,34989.18182
21029,31714.20833
21031,41737.08333
21035,1222.727273
21037,128691.0833
21041,2935031.5
21043,80820.66667
21045,59096.83333
21047,54091.41667
21049,183401.9355
21059,616306.5833
21065,36720
21067,80969.9375
21071,18138
21073,38519.78571
21077,268083.3333
21079,61914.5
21081,30200.33333
21083,67106.08333
21089,44830.05882
21091,464409.7167
21093,108964.0625
21099,30484.58333
21101,455744.9655
21107,155206.881
21111,822458.3319
21117,24956.75
21119,67051.5
21125,146911.6667
21127,1278166.875
21131,18102
21137,37802.59091
21141,103936.5833
21145,34584.18182
21151,79020.375
21157,376121.3086
21159,18992.66667
21161,2558981.25
21163,55167.18182
21167,1462605.571
21169,64047
21173,179441
21177,240327.4412
21179,45280.75
21183,952918.1463
21185,41059.41667
21191,427843.75
21193,85079.31429
21195,43578.02174
21197,63452.18182
21199,445822.5909
21205,37387.57143
21207,23819.14286
21209,94789.75
21211,34634
21217,33134.1
21223,3669886.75
21225,59115.91304
21233,754638.7308
21239,49722.5
22001,306826.7527
22003,117294.5
22005,744712.2588
22007,114259.6316
22009,32231.11111
22011,128835.4688
22013,118450.6923
22015,47189.08824
22017,246365.193
22019,763968.8964
22021,50282.125
22023,304786.8313
22027,30411.55556
22031,401731.8133
22033,764565.0219
22037,39839.16667
22039,391440.3333
22047,684542.5529
22049,152298.8214
22051,986586.4483
22053,55039.86364
22055,50980.05769
22057,125391.3
22059,37858.21429
22061,49150.84722
22063,24352.91667
22065,143200.5
22067,46537.17391
22069,121114.8276
22071,189379.7722
22073,298007.3613
22075,751531.0698
22077,2572104.583
22079,1299842.508
22081,82531
22083,58540.12
22085,81600.33333
22087,446204.0933
22089,960753.3467
22091,31651.6875
22093,636374.887
22095,1072631.152
22097,126025.5556
22101,125880.1133
22103,30523
22105,102204.5833
22109,115730.0571
22111,58907.71429
22113,69113.58333
22117,61544
22119,65920.18519
22121,198955.36
22123,94769.94737
22125,74311.66667
23001,23918.5
23003,25483.25
23005,177087.0385
23007,212456.75
23009,361170.8333
23011,16745.83333
23013,195548.3333
23017,304347.75
23019,90288.30667
23023,19437.375
23025,136056.9032
23029,177658.5
23031,84624.33333
24001,678824.9429
24003,1230890.179
24005,38584.6
24009,414395.1667
24011,53936.55556
24013,1368801.733
24015,204204.8108
24017,1533443.094
24019,35541.90909
24021,67329.21429
24023,33315.80488
24025,91302.69697
24027,39137.91304
24031,344764.0488
24033,676065.8136
24041,49788.58333
24043,245049.5185
24045,26038.28571
24047,130156.6667
24510,127099.3351
25001,86702.68421
25003,67438.75
25005,365033.1481
25009,126673.729
25011,25906
25013,117623.7736
25015,42366.47826
25017,270087.0479
25021,350733.7368
25023,83751.95313
25025,71322.64773
25027,156073.4345
26001,32000.41667
26003,103969.8667
26005,48156.71429
26007,1048521.458
26013,27128.26087
26015,41728.20833
26017,1200362.944
26021,49216.5625
26023,33339
26025,55033.96774
26029,389783.0606
26031,16411.66667
26033,40461.5
26035,27650.95122
26037,84981.72414
26039,28299.71429
26041,218834.5313
26043,90079.54167
26045,390501.7059
26049,141770.0784
26053,23531.71429
26055,99951.63636
26059,296351.375
26063,79025.58537
26065,363149.0784
26071,50878.91667
26073,46226.32353
26075,197081.8276
26077,82227.85417
26079,33803.25
26081,86199.30986
26089,166852.4643
26091,48753.4
26093,18961.6
26099,63198.5
26101,202062.0333
26103,718356.4545
26105,200076.7429
26107,38144.58333
26109,44610.86111
26111,831588.5
26113,33494.33333
26115,3015036.119
26117,144989.3125
26119,42870.3913
26121,420479.375
26123,25378.88889
26125,41138.65957
26131,39585.33333
26133,32417.70588
26137,162936.35
26139,1248874.813
26141,41152.16667
26145,40196.37975
26147,1215088.634
26149,31120.19048
26151,46330.125
26153,194849.087
26155,69843
26157,77941.3913
26159,1654027.583
26161,121119.82
26163,520308.3904
26165,82007.3913
27003,33989.09091
27007,23893.08333
27009,81047
27013,131762.6324
27017,75109.61538
27019,1676.25
27023,78600.91667
27027,209074.6316
27031,794333.75
27033,75089.54167
27035,43187.625
27037,712214.1868
27039,95524.83333
27041,28274.2
27043,60454.36364
27045,58298.83333
27047,58031.27586
27049,65572.33333
27053,106016.4516
27057,38591.16667
27059,29208.25
27061,2306169.158
27065,27589
27067,63421.59091
27071,168673.75
27073,31617
27075,711696.1667
27083,106142.5
27085,31170.57576
27089,17471.2
27091,100671.8615
27097,27267.95652
27099,46631.44118
27105,43901.08333
27107,15476.75
27109,47250.20968
27111,257254.1935
27119,385259.2917
27123,193711.0781
27127,51177.29167
27129,228419.8077
27131,86087.73913
27133,23517.16667
27137,247520.8726
27139,69848.59259
27141,3069364.723
27143,163175
27145,43645.23077
27147,46786
27149,37956.83333
27151,50904.41176
27153,31897.25
27161,174269.8333
27163,943215.75
27165,38.57142857
27171,8214.75
28001,76102.33333
28003,32380.55556
28007,469139.4545
28011,15861
28013,45033.33333
28017,101020
28019,1952114.966
28023,87495
28027,39499.5
28031,14796.66667
28033,74020.58333
28035,54458.10345
28041,21193.11111
28045,35198.25926
28047,668932.3125
28049,203014.8451
28053,29471.77778
28059,1767397.494
28061,52219.95
28063,46446
28065,55398.08333
28067,180914.1395
28069,1006622.154
28073,328622.6786
28075,27369.52174
28077,183463.8649
28079,43974.72727
28081,29552.66667
28083,77457.16667
28087,184940.7551
28089,47775.67797
28093,25026
28095,156577.7222
28099,47373.5
28101,35633.33333
28105,145303.9167
28107,434325.7742
28109,90978.08333
28111,86907.32353
28113,35274.54545
28115,146349.9167
28121,45481.77778
28123,47597.45455
28127,110003.8333
28129,63443.26087
28133,44303.09091
28137,38895.6
28139,82703.22222
28141,130218
28143,52080.16667
28145,8500.1
28147,32597.80645
28149,328801.6304
28151,180304.9483
28153,36891.28571
28159,32858.625
28161,99279
28163,2291468.75
29007,45086.77273
29009,20036
29011,69240
29017,56240.5
29019,83814.6
29021,212481.4286
29023,8390.363636
29027,335.0833333
29031,337772.6571
29033,82940.33333
29037,322616.1304
29047,52839.83871
29051,28146
29055,41176.75
29069,291806
29071,15182751
29077,500564.5469
29083,1895794.9
29087,47832.31429
29093,117028.8333
29095,422731.1287
29097,505419.7
29099,2365327.136
29101,65021.45833
29111,53190.16667
29113,28619.44444
29119,89106.25
29121,42411.41667
29127,151773.8095
29139,27194
29143,3705896.957
29145,13338.42857
29147,3500.75
29151,191965.625
29157,40282.33333
29159,72976.42857
29163,169324.5385
29165,6861177.467
29169,47540
29173,768631.5
29175,7614180.5
29183,2359958.25
29186,2088887.528
29187,61617.26087
29189,55129
29195,53737.26316
29201,1531121.769
29207,42209.58333
29211,26686
29217,32172.90909
29221,71442
29229,94210.76923
29510,355103.9091
30003,518683.5
30007,287516.6667
30013,87636.65909
30021,8265.666667
30023,202010.0833
30025,34569.375
30029,19246.07692
30031,146307.2593
30035,18852.33333
30043,271647.4615
30047,9464.666667
30049,15806.44444
30063,49032.91667
30083,170702.6667
30085,47775.21875
30087,7273043.792
30093,20550.02857
30105,22342.25
30111,591310.3625
31001,352715.1452
31011,166742.4167
31019,80669.04762
31023,132841.9167
31025,368393
31037,53284
31043,73245.54286
31047,40234.57692
31053,279984.0833
31055,421864.5978
31059,132355.1538
31065,51241.25
31067,145368.44
31073,5742.75
31079,208413.4
31081,109207.1333
31087,45850.09091
31089,51955.66667
31095,21513.16667
31099,65031.66667
31101,57398.41667
31109,196901
31111,8300580
31119,85198.21429
31121,123533.6667
31123,48551.25
31131,3514275.69
31135,47851.33333
31137,65401.75
31139,91534
31141,628173.2609
31151,120783.1538
31153,59682.45833
31155,35050.83333
31157,246859.5
31159,47510
31167,114684.1818
31175,72760.91667
31177,312733.7895
31185,113887.7857
32003,391717.9304
32007,256115.2727
32011,926384.3333
32013,1675266.667
32015,0
32019,212041.5833
32023,15984
32027,35921.41667
32029,563042.1795
32031,93262.66667
33007,36148.20833
33009,39687.64286
33011,36656.46667
33013,524517.9583
33015,343917.1899
33017,85822.64706
33019,20110
34001,46358.91228
34003,493843.8491
34005,31216.97222
34007,95981.84615
34009,92460.07407
34011,37570.74783
34013,211042.8145
34015,406731.9643
34017,327234.4706
34019,23542
34021,123621.8929
34023,381387.8254
34025,139545.1143
34027,22624.05882
34029,149399.5217
34033,257701.4699
34035,30411.91667
34037,41539.8125
34039,720047.0814
34041,43056.23214
35001,104087.3011
35005,32058.625
35009,38360.26667
35013,196213.4333
35015,127227.5462
35017,7607.333333
35023,28793.66667
35025,250791.069
35028,53229.42857
35029,374837.6129
35031,587573.5833
35035,30147.45455
35041,30709.33333
35043,48738.72917
35045,1412263.235
35049,24429.58333
35057,33510
35061,38470.61111
36001,443798.1895
36003,44366.21875
36005,45818.80682
36007,34801.40323
36009,82023.58824
36011,58945.44444
36013,187435.4902
36015,56332.375
36019,66817.70588
36025,51875.25
36027,88560.26087
36029,138794.9697
36031,263847.25
36033,3805.25
36035,23066.83333
36037,24675.19355
36039,1350505.538
36043,48344.08333
36045,35131.69444
36047,154534.2969
36049,14030.8
36053,17617.16667
36055,161996.3299
36057,26960.06667
36059,204239.0157
36061,336215.2308
36063,261933.7542
36065,31890.01961
36067,94819.30612
36069,111673.7917
36071,145182.7108
36073,76679.75
36075,342872.3373
36079,106604
36081,578991.7482
36083,293888.6667
36085,183455.7667
36087,155762.7407
36089,123498.1698
36091,144380.94
36093,25535.69697
36095,30771.5
36097,67572.75
36099,211002.5
36101,55911.44444
36103,232461.6854
36105,24234.375
36109,382293.0417
36111,60511.41667
36113,218466.9167
36115,44615.64
36119,113395.7872
36121,56778.54167
36123,100452.6667
37001,117022.1667
37007,104659.0882
37013,407592.3333
37015,155394.7083
37017,223196.5385
37019,337206.5294
37021,690237.3793
37025,204242.9167
37027,85551.5
37035,4215548.042
37037,262369.5385
37045,964780.1552
37047,354595.1667
37049,86575.47222
37051,51012.83333
37057,49465.07317
37061,28697
37063,69226.09756
37065,246808.4667
37067,35192.52941
37071,471286.5333
37081,114543.4565
37083,256330.6905
37087,571819.5217
37089,11302
37091,333345.0833
37097,70607.49153
37101,66779.75
37107,35072.5
37109,46007.5
37117,131381.6667
37119,75545.95294
37123,114531.8333
37129,462651.3333
37133,78011.58333
37135,140282.4167
37145,2596701.873
37147,35024.2
37151,30441.71429
37153,1495772.688
37155,65687.22222
37157,438361.1273
37159,654381.4576
37163,231280.037
37165,241146.75
37167,36887.55556
37169,9846273.083
37171,44449.92857
37179,59125.25
37181,79087.91667
37183,38535.075
37191,1239276.292
37193,40019.29167
37195,67660.625
38003,91703.83333
38007,32640.75
38011,74105.1
38015,6829.947368
38017,129744.8056
38023,31189.75
38025,321148.0938
38035,62067.70588
38049,69292.58333
38051,110546.5
38053,94691.96226
38055,9010932.583
38057,3686256.474
38059,371802.1458
38061,38062.8
38065,5279084.333
38067,291105.7333
38073,33546
38077,175621.6042
38081,66103.58333
38089,485147.0323
38093,138672.2667
38097,465667.75
38101,26671.36842
38105,111997
39001,4225411.938
39003,390005.0612
39007,221614.6744
39009,68245.05405
39011,24798
39013,207410.0278
39015,165691.9167
39017,569389.15
39019,297589.75
39023,20607.9
39025,6061215.75
39029,41815.375
39031,991956.5692
39033,136547.4
39035,413208.2454
39037,98208.65517
39039,63658.63889
39043,184551.9545
39045,56790.20833
39047,100327.9259
39049,69201.93333
39051,180268.15
39053,6712285.444
39055,4585
39057,389269.5
39059,62849.08333
39061,541056.139
39063,28493.88462
39067,119771.8889
39069,51499.375
39073,22355.125
39077,88594.38462
39079,193540.7
39081,2486541.844
39085,372520.303
39087,2769806.143
39089,31221.52381
39091,63063.25
39093,345497.7391
39095,557781.1079
39099,87846.31373
39101,75293.63333
39103,51624.5
39107,56803.33333
39111,147961.9091
39113,97370.70115
39115,2987717.714
39119,380265.6279
39121,46834.69565
39123,67536.36364
39125,386922.5833
39127,61029.93333
39129,54341.91525
39131,95602.47619
39133,71050.37037
39135,30418.84211
39137,92410.79167
39139,130118.125
39141,564890.6667
39143,605431.3396
39145,500179.5455
39147,182806.6444
39149,55056.58333
39151,129674.5971
39153,58735.53968
39155,328479.6364
39157,101787.7639
39159,107619.4167
39161,47991.08333
39163,145904.3333
39165,19182.03226
39167,564575.6796
39169,140576.9412
39171,154579.25
39173,116306.9048
39175,29839.08333
40003,26609.4
40009,44585.13793
40011,16274.8
40013,73584.88462
40015,445070.625
40017,130663.275
40019,237427.7222
40023,2306470.917
40027,57136
40029,29169.75
40031,98835.15
40037,110283.8333
40039,19184.4375
40047,423919.254
40049,251626.0789
40051,45857.81081
40053,212575.4167
40063,32794.41667
40065,77331.33333
40071,379417.96
40073,67018.76923
40077,58010.52174
40079,1654524.533
40081,31175.16667
40083,42765.86667
40087,648390
40089,395445.8333
40095,41550.73913
40097,879421.6591
40101,1469899.933
40103,4985797.417
40107,35721.86957
40109,265042.6184
40111,82523.95833
40113,86516.23077
40119,37553.66667
40121,419007.5682
40123,446191.8333
40125,33921.63636
40129,19780.5
40131,3445453.529
40133,559652.4483
40135,142622.125
40139,45296.23077
40143,206980.2468
40145,450930.5464
40147,41110.66667
40151,23321.5
40153,384981.4889
41001,613932.75
41003,36166.27778
41005,36044.70455
41007,254417.5556
41009,239757.473
41013,30758.08333
41017,64110.20833
41019,46871.3913
41021,241911.3333
41029,40702.42105
41035,562052.5217
41039,71473.81818
41041,335593.9167
41043,48644.2
41045,38066.875
41047,76808.41667
41049,692451.9726
41051,53737.8125
41059,774196.0833
41065,79401.91667
41067,96313.17857
41071,62327.0625
42001,1838161.667
42003,275100.7215
42005,2398217.836
42007,1237863.134
42009,36710.08333
42011,249093.9861
42013,85565.96875
42015,49020.86022
42017,740429.4118
42019,105931.6119
42021,432233.1944
42025,377002.5833
42027,250869.8125
42029,116142.4118
42031,60620.43478
42033,469901.697
42035,75357.18182
42037,33823.22222
42039,159820
42041,76266.86275
42043,73550.63077
42045,610808.5476
42047,208871.5417
42049,49113.38235
42051,438798.34
42053,36147.75
42055,61594.5
42059,808845.4018
42061,33521.72727
42063,2474651.061
42065,81174.875
42067,97674.41667
42069,229653.9216
42071,69360.29885
42073,157247.8868
42075,774253.6471
42077,172305.3043
42079,201416.3469
42081,47034.33333
42083,81470.76667
42085,102914.6591
42087,64558.41667
42089,31820.58333
42091,75189.47191
42093,1643451.306
42095,582637.5649
42097,184100.8387
42099,64595.58333
42101,361786.2331
42103,30379.4
42105,54487.78182
42107,423991.2549
42109,1223717.5
42111,32330.30909
42115,86688.775
42117,44272
42119,34251.30435
42121,346997.1667
42123,153478.6429
42125,226852.3723
42129,89241.27966
42131,314267.7407
42133,791783.514
44005,497931.2308
44007,302673.7411
44009,81162.16667
45003,244093.569
45005,1759.166667
45007,635241.3333
45011,113461.9167
45015,1641569.45
45017,234941.8824
45019,190896.2712
45021,167075.4265
45023,74047.25
45029,977619.6
45031,160790.4651
45035,241333.0357
45041,151508.7917
45043,798861.3818
45045,54498.75904
45047,40323.19444
45051,128677.875
45053,975992.5417
45055,131292.0714
45061,108497.1667
45063,149682.3056
45069,58069.81818
45075,928912.7692
45077,24783.54167
45079,699712.0806
45081,29391.63636
45083,66073.90476
45085,28342.8125
45087,77835.4
45089,98534.26087
45091,94589.54167
46005,20349.21739
46009,18274.66667
46011,135609.7561
46013,58507.0339
46019,47152.5625
46027,14421.86667
46029,109256.0476
46035,98899.41667
46045,180996.3333
46051,1285280.542
46057,36659.5
46079,72762.25
46083,88191.66667
46099,61123
46103,205594.4464
46109,34982.63636
46115,72477.75
46119,29953.5
46125,127391.8696
46135,31193.8
47001,66556
47003,27160
47005,108515
47009,128091.8333
47011,100243.2692
47013,4884
47017,77450.8
47029,27371.15789
47031,11502.46667
47035,34564.36364
47037,79687.27273
47039,99916
47041,63463.45455
47043,29024.58333
47045,25523.1
47051,10821.2
47053,17875.71429
47055,6516
47059,97905.8
47063,55055
47065,114608.3111
47069,19771.8
47071,300860.75
47073,87241.89286
47075,37442.08333
47079,29067.25
47081,47872.08333
47085,193596.3333
47093,149451.8302
47099,16422.25
47103,664.875
47105,157030.5833
47107,145078.8939
47111,34902.625
47113,73061.64286
47115,44288.3
47117,15425.58333
47119,40681.42308
47125,69840.97872
47127,37290.66667
47131,62963.76271
47135,8696
47143,171504.25
47145,87633.8
47149,69699.4375
47151,117980.5
47157,148931.2701
47159,30942
47161,81086.09091
47163,1202664.717
47165,54695.43333
47167,14251.57895
47169,43498.16667
47173,216675.1667
47177,24638.5
47179,44539.16667
47181,53967.2
47187,23783.57143
47189,1027.5
48001,33629.52381
48003,121301.619
48005,47769.48485
48011,38172.33333
48013,2333626.375
48019,55.33333333
48021,582367
48025,77147.72381
48027,541720.9063
48029,773386.4592
48035,910677.375
48037,52877.45455
48039,1125564.85
48041,89939.06452
48047,86086.33333
48049,29480.77778
48053,188599.4167
48055,33025.66667
48057,958605.1408
48061,78403
48067,124987.069
48071,537142.2231
48073,121606.625
48081,95419.91667
48085,85898.21053
48089,215283.5417
48091,759202.9583
48103,123768.6667
48111,33010.5
48113,168270.6
48117,93311.40909
48119,21586
48121,76275.98496
48123,133680.6842
48127,34624
48131,107520
48133,54118
48135,733557.8542
48139,554726.8889
48141,321444.3667
48147,60272.21429
48149,5235990
48151,39651.91667
48157,3623712.778
48161,357603.0952
48163,104082.5238
48165,440353.6667
48167,1010427.519
48173,61559
48175,3816852.083
48177,37738.11111
48179,67308.66667
48181,357594.8333
48183,86127.65625
48185,1011918.178
48187,852660.7708
48189,120491.1
48195,78047.125
48197,34685
48199,58384.375
48201,355651.2195
48203,894206.8018
48209,1128038.708
48211,50165.66129
48213,36402.02632
48215,473130.7767
48217,53669.8
48219,61476.88889
48221,367571.5938
48225,11823.25
48227,347076.9167
48231,57866.91667
48233,477127.1935
48235,32694.41667
48237,956611.375
48239,59161.5
48241,172360.2759
48245,925781.7006
48249,63092.57143
48251,94723.12281
48253,26268.5
48255,54005.85294
48257,1850351.958
48259,58519
48263,135935.5
48265,8367.714286
48267,61748.6
48277,355290.3261
48279,3106763.125
48283,83152.7907
48285,148215.9474
48289,107300.6087
48291,126773.5
48293,5157532.625
48297,492299.5556
48299,874227.8333
48301,52446.5
48303,191588.7849
48309,748071.8657
48311,63357.25
48315,325892.2381
48317,42523.125
48321,131843.2745
48329,242274.8392
48335,23738.18182
48337,121372.8222
48339,224097.8186
48341,409459.3
48343,7263.75
48347,37635.6
48349,100502.375
48351,1254807.167
48353,149499.9231
48355,681872.6601
48361,696997.913
48363,138424.625
48365,88238.88608
48367,49831.25806
48369,71904.27273
48371,68390.475
48373,88472.08333
48375,1035475.875
48381,62108.33333
48383,41948.69231
48389,146212.6364
48391,98464.92857
48393,26500.41667
48395,3520697.04
48401,4018296.125
48407,146847.5833
48409,736153.5294
48415,191625.9118
48417,64667
48419,49468.7931
48423,191672.4493
48427,24310.33333
48435,27777.5
48439,96029.67335
48445,27037.88889
48449,2578971.057
48451,43670.5
48453,197129.1495
48457,9984.8
48461,144788.6462
48465,109073
48467,13901.66667
48469,488278.4211
48471,16127
48473,52714.66667
48475,99622
48477,106046.1667
48479,125757.7742
48481,377067.6304
48483,35694.01449
48485,105804.6154
48487,2922721.75
48491,77451.5
48493,32355.375
48495,50064.47619
48497,348982.4615
48499,74163
48501,285909.8197
49001,45676.18182
49003,102859.8571
49005,38406.40541
49007,231817.8627
49011,227192.0139
49013,52852.16667
49015,7065593.042
49023,716431.9583
49027,2978501.571
49029,585685.5
49035,145694.6438
49037,56741.66667
49043,39400.4
49045,220489.8286
49047,1605920.192
49049,316487.5882
49053,61812.16667
49057,64146.65789
50001,22348.7
50007,101245.4324
50011,37393
50019,72133.5
50021,14527.40909
50023,11428.52941
51001,58768.72222
51003,13912.22222
51005,1388467.833
51007,133042.3333
51009,100820.6429
51011,44107.75
51015,105156.6
51019,31954.22222
51023,762688.25
51025,856811.3158
51027,393237.9538
51029,1357558.182
51031,29270.11429
51033,375184.8333
51035,37974.5
51036,77955.5
51041,1082770.234
51051,27611.81818
51053,90709.1
51059,94908.8
51061,252666.069
51065,1189689.045
51067,55485.55556
51069,77305.93333
51071,493230.0968
51073,107417.0833
51081,1103136.429
51083,4417862.917
51085,1035810.739
51087,51308.91667
51093,101647.9429
51095,47414.16667
51097,153017.0833
51099,372100.5
51101,290306.0833
51105,93796.66667
51107,26697
51109,308435.6667
51111,43309.5
51117,163293.36
51121,63641.06667
51125,121761
51127,153533
51137,39250.29167
51139,56666.25
51143,51066.04348
51153,550068.1471
51155,31699.47059
51161,53272.6
51163,29801.28571
51165,31326.02778
51167,312736.5417
51171,122658.4762
51175,68456.875
51177,58349.91667
51179,28809.5
51181,66448.41667
51183,153981.5
51185,47703.22222
51187,2599879.25
51191,58584.16667
51195,430725.6203
51197,18740
51199,492510.6471
51510,117098.5833
51515,192662.4286
51520,151681.6667
51530,43862
51540,51646.125
51550,38487.25
51580,36293.25
51590,62549.91667
51600,140420
51620,51704.66667
51650,42686.875
51660,24140.5
51670,474487.3729
51680,55476.72727
51683,289935.8182
51690,24363.83333
51700,49574.47619
51710,42501.33333
51730,78504.85714
51740,180044.8
51750,335578.5
51760,91508.88158
51770,72755.78571
51775,162713.5
51790,93076
51810,15128.2
51820,50165.41667
53001,81570.79167
53005,60157.47727
53007,215887.7
53011,194920.8
53013,0
53015,200614.3253
53017,36247.75
53021,41797.95833
53025,47081.24138
53027,306580.0606
53031,77643.08333
53033,87530.51261
53035,1962.583333
53039,266596.7647
53041,1567418.236
53045,942
53053,95123.01739
53057,547065.4667
53059,17236.71429
53061,46772.125
53063,50378.36585
53065,19897
53071,109398.9167
53073,618890.2083
53075,55965
53077,66462
54001,422475.9091
54003,285013.9744
54005,40311.02632
54007,14677.75
54009,147761.75
54011,80373.84615
54017,60312.17143
54021,69605.375
54023,7852518.75
54029,202038.7083
54031,40827.52174
54033,1507555.033
54035,116735.75
54037,25570.27273
54039,162354.229
54041,39105.63636
54045,201980.1613
54049,994419.5714
54051,1056402.19
54053,2087792.067
54055,39014.77273
54057,25533.08333
54059,57197.31818
54061,1612278.833
54069,206998.6087
54071,255475.2353
54073,2196895.897
54077,144721.4
54079,4512200.559
54081,310775.9091
54083,40959.66667
54085,54393.81818
54091,539386.4444
54095,33449.83333
54097,96337.6
54099,44976.24242
54103,41690.2
54107,313799.3611
54109,992103.2
55003,47930.25
55007,16259.5
55009,190164.5865
55011,1431856.294
55015,59254.16667
55017,38596.24242
55019,29620.85714
55021,1688587.563
55025,77607.52381
55027,38485.79545
55031,285812.1667
55033,89592.79167
55035,28462.05263
55039,132496.8387
55043,766246.25
55045,93556.25
55047,43874.58333
55055,138849.125
55057,103944.8333
55059,2029049.794
55063,42365.375
55069,215145.3333
55071,103405.1591
55073,846977.6176
55075,39238.54286
55079,845116.6941
55083,32497.41667
55085,220426.9167
55087,296534.0462
55089,1001503.583
55097,52476.1875
55099,51294.41667
55101,41079.5
55105,223611.3273
55107,32240.08333
55111,69861.58333
55115,31091.83333
55117,932422.3542
55119,20271.25
55123,1311360.083
55127,37342.72222
55129,36517.58333
55131,16486
55133,58124.85294
55135,145202.2917
55139,55658.54878
55141,217953.4615
56001,202941.0526
56003,36880.44444
56005,983809.8727
56007,417629.7188
56009,1141780.833
56013,183441.9091
56015,89083
56021,355348.3659
56023,1724842.028
56025,109806.2
56029,133120.0588
56031,11827438.25
56033,828543.4
56035,93634.57143
56037,1458976.632
56041,38497.65789
56043,28909.25
56045,95513
66010,362982.1667
72013,140251.087
72017,95403.66667
72023,21069.5
72031,48270.29167
72037,1269.666667
72051,174046.4545
72053,53188.41667
72057,2007445.619
72059,1987767.833
72061,58555.33333
72069,74872.13333
72077,30913.83333
72097,110048.5556
72111,1424794.167
72113,357372.7778
72123,1563520.522
72127,46918.16667
72135,80469.5
72137,769514.8261
72145,934.6666667
72153,65248.875
78010,185527.9394
78030,392020.2
None,351134.4142
Grand Total,414037.9923